"Timestamp","What gender are you?","What age range are you?","Do you or your family members own a vehicle?","What sort of vehicle do you or your family member own?","What car licence do you hold?","What motorcycle licence do you hold?","Which postcode do you mainly store your vehicle?","How old is your vehicle?","What security system does your vehicle come standard with?","Do you think your vehicle is secure enough?","Would you like your vehicle to have additional security system other than what is currently fitted?","How likely are you to check your vehicle if its security system sends you a notification on your mobile device?"
"2017/08/25 1:11:55 pm GMT","Male","26 - 35 Years old","Yes","Car","Full Licence","","","","","","",""
"2017/08/25 1:16:24 pm GMT","Female","26 - 35 Years old","Yes","Car","Full Licence","","","","","","",""
"2017/08/25 1:16:52 pm GMT","Female","26 - 35 Years old","Yes","Car","Full Licence","No Licence","","","","","",""
"2017/08/25 1:25:37 pm GMT","Male","26 - 35 Years old","Yes","Car","Full Licence","No Licence","","","","","",""
"2017/08/28 2:40:10 am GMT","Male","26 - 35 Years old","Yes","Car","Full Licence","Full Licence","","","","No","Yes",""
"2017/08/28 2:40:31 am GMT","Female","36 - 50 Years old","Yes","Motorcycle","Full Licence","Full Licence","","","","No","Yes",""
"2017/08/28 2:40:58 am GMT","Female","16 - 25 Years old","Yes","Scooter","No Licence","Red P Plate","","","","No","Yes",""
"2017/08/28 2:41:16 am GMT","Male","51+ Years old","Yes","Car","Full Licence","No Licence","","","","No","Yes",""
"2017/08/28 2:41:35 am GMT","Female","36 - 50 Years old","Yes","Motorcycle","Full Licence","Full Licence","","","","No","Yes",""
"2017/08/28 2:41:57 am GMT","Male","51+ Years old","Yes","Car","Full Licence","No Licence","","","","No","Yes",""
"2017/08/28 3:13:26 am GMT","Male","51+ Years old","Yes","Car","Full Licence","No Licence","","","","No","Yes",""
"2017/09/01 5:52:20 am GMT","Male","16 - 25 Years old","Yes","Car","L - Plate","No Licence","3165","1 - 5 years old.","Alarm system.","Yes","No",""
"2017/09/01 6:22:02 am GMT","Male","26 - 35 Years old","Yes","Car","Full Licence","No Licence","3124","11 - 20 years old.","All of the above.","No","Yes","5"
"2017/09/01 1:13:02 pm GMT","Male","16 - 25 Years old","Yes","Car","Red P Plate","No Licence","3174","21 + years old.","Alarm system.","Yes","No","1"
"2017/09/18 2:28:15 am GMT","Male","16 - 25 Years old","Yes","Car","Red P Plate","","3195","11 - 20 years old.","Alarm system.","No","Yes","5"
"2017/10/05 6:45:51 am GMT","Male","16 - 25 Years old","Yes","Car","Green P Plate","","3806","1 - 5 years old.","Central locking.;Immobiliser.;Alarm system.","Yes","No","5"
"2017/10/05 6:48:55 am GMT","Male","26 - 35 Years old","Yes","Car","Full Licence","","3174","11 - 20 years old.","Central locking.","No","Yes","4"
"2017/10/05 6:50:56 am GMT","Male","16 - 25 Years old","Yes","Car","Green P Plate","No Licence","3191","1 - 5 years old.","Central locking.;Immobiliser.;Alarm system.","Yes","Yes","4"
"2017/10/05 6:53:04 am GMT","Male","16 - 25 Years old","Yes","Car","Green P Plate","No Licence","3152","6 - 10 years old.","Central locking.;Alarm system.","Yes","Yes","4"